start_time,end_time
2024/8/29 13:48,2024/8/29 19:13
2024/9/2 15:32,2024/9/2 16:53
2024/9/6 13:05,2024/9/7 0:56
2024/9/19 7:49,2024/9/21 19:56
2024/9/21 22:34,2024/9/21 23:25
2024/9/23 16:22,2024/9/23 16:28
2024/9/24 0:34,2024/9/24 10:56
2024/10/10 12:27,2024/10/11 0:49
2024/10/16 12:00,2024/10/16 15:59
2024/10/19 13:15,2024/10/20 1:07
2024/12/3 11:56,2024/12/3 11:59
2024/12/5 16:12,2024/12/5 17:30
2024/12/24 14:42,2024/12/24 14:57
2024/12/29 10:53,2024/12/29 11:43
2025/1/1 16:38,2025/1/1 16:41
2025/1/4 11:56,2025/1/4 11:59
2025/1/10 7:20,2025/1/10 18:37
2025/1/11 12:20,2025/1/12 5:17
2025/1/12 15:02,2025/1/13 23:32
2025/1/14 17:44,2025/1/15 21:02
2025/1/16 2:20,2025/1/16 5:23
2025/1/16 13:16,2025/1/17 17:32
2025/1/22 11:57,2025/1/22 16:29
2025/1/23 11:49,2025/1/23 12:44
2025/1/24 13:17,2025/1/24 15:55
2025/1/25 23:57,2025/1/26 6:49
2025/1/27 16:40,2025/1/27 22:29
2025/1/28 3:29,2025/1/28 3:48
2025/1/28 14:11,2025/2/5 12:00
2025/2/14 8:30,2025/2/14 9:31
2025/2/15 0:00,2025/2/15 0:02
2025/2/16 14:58,2025/2/17 0:11
2025/2/19 15:51,2025/2/19 15:56
2025/2/20 19:39,2025/2/20 19:42
2025/3/6 7:17,2025/3/6 8:22
2025/3/6 10:23,2025/3/6 10:35
2025/3/13 15:37,2025/3/13 21:33
2025/3/14 4:00,2025/3/17 11:09
2025/4/4 9:50,2025/4/4 11:11
2025/4/8 12:09,2025/4/8 19:14
2025/4/10 15:45,2025/4/10 19:47
2025/4/12 8:33,2025/4/12 8:36
2025/4/12 15:33,2025/4/12 15:40
2025/4/13 3:13,2025/4/14 20:19
2025/4/16 13:59,2025/4/16 15:10
2025/4/19 3:43,2025/4/19 4:13
2025/4/19 5:45,2025/4/19 5:59
2025/4/19 7:56,2025/4/19 8:18
2025/4/19 11:19,2025/4/19 12:05
2025/4/20 1:50,2025/4/20 1:53
2025/4/22 0:52,2025/4/22 0:57
2025/4/22 18:26,2025/4/22 18:49
2025/4/22 20:36,2025/4/22 20:58
2025/4/25 9:04,2025/4/25 9:35
2025/4/28 16:06,2025/4/28 17:34
2025/4/29 1:21,2025/4/29 1:57
2025/4/29 10:04,2025/4/30 15:17
2025/5/4 14:29,2025/5/4 15:52
2025/5/5 3:55,2025/5/5 4:23
2025/5/5 11:14,2025/5/5 11:31
2025/5/12 0:49,2025/5/12 1:17
2025/5/13 10:36,2025/5/13 20:01
2025/5/14 11:01,2025/5/14 18:57
2025/5/15 12:38,2025/5/15 18:26
2025/5/16 12:43,2025/5/16 19:33
2025/5/28 16:06,2025/5/28 16:18
2025/5/29 5:11,2025/5/29 6:36
2025/5/29 9:57,2025/5/29 11:50
2025/5/31 9:48,2025/5/31 12:22
